{"cameraMode":{"drawMode":0,"name":"Shaded","section":"Shading Mode"},"sceneLighting":true,"audioPlay":false,"sceneViewState":{"showFog":true,"showMaterialUpdate":false,"showSkybox":true,"showFlares":true,"showImageEffects":true,"showParticleSystems":true},"in2DMode":false,"pivot":{"x":10.54935073852539,"y":4.374617576599121,"z":-5.981968402862549},"rotation":{"x":0.03499606251716614,"y":0.7903452515602112,"z":-0.04534398019313812,"w":0.6099794507026672},"size":22.0,"orthographic":false}